Month,TotalVisitorCount
Jan-2015,827060
Feb-2015,892530
Mar-2015,827510
Apr-2015,701820
May-2015,616550
Jun-2015,616630
Jul-2015,798140
Aug-2015,722300
Sep-2015,712190
Oct-2015,784620
Nov-2015,801340
Dec-2015,981040
Jan-2016,904230
Feb-2016,989640
Mar-2016,896500
Apr-2016,766540
May-2016,677060
Jun-2016,685560
Jul-2016,903970
Aug-2016,784010
Sep-2016,800140
Oct-2016,872530
Nov-2016,864840
Dec-2016,1070660
Jan-2017,1017750
Feb-2017,1010070
Mar-2017,919150
Apr-2017,876650
May-2017,726390
Jun-2017,746710
Jul-2017,943570
Aug-2017,854260
Sep-2017,822130
Oct-2017,926580
Nov-2017,921610
Dec-2017,1110110
Jan-2018,1023490
Feb-2018,1123450
Mar-2018,1033700
Apr-2018,870700
May-2018,765280
Jun-2018,800000
Jul-2018,992210
Aug-2018,908870
Sep-2018,862800
Oct-2018,951830
Nov-2018,957750
Dec-2018,1163140
Jan-2019,1065830
Feb-2019,1161180
Mar-2019,1007290
Apr-2019,878930
May-2019,838450
Jun-2019,822960
Jul-2019,1000920
Aug-2019,960250
Sep-2019,873760
Oct-2019,966780
Nov-2019,977110
Dec-2019,1181150
Jan-2020,1097340
Feb-2020,904820
Mar-2020,446530
Apr-2020,6470
May-2020,8230
Jun-2020,11330
Jul-2020,6930
Aug-2020,6410
Sep-2020,7660
Oct-2020,11940
Nov-2020,14140
Dec-2020,17060
Jan-2021,17170
Feb-2021,14020
Mar-2021,17980
Apr-2021,34560
May-2021,70270
Jun-2021,62220
Jul-2021,41130
Aug-2021,15680
Sep-2021,10590
Oct-2021,9680
Nov-2021,36730
Dec-2021,113580
Jan-2022,126020
Feb-2022,159130
Mar-2022,230510
Apr-2022,320870
May-2022,344610
Jun-2022,378940
Jul-2022,476190
Aug-2022,490600
Sep-2022,506560
Oct-2022,564700
Nov-2022,640670
Dec-2022,741120
Jan-2023,671850
Feb-2023,797450
Mar-2023,769500
Apr-2023,689030
May-2023,653060
Jun-2023,677700
Jul-2023,804660
Aug-2023,769740
Sep-2023,758940
Oct-2023,802110
Nov-2023,836130
Dec-2023,1012720
Jan-2024,948180
Feb-2024,1118600
Mar-2024,938040
Apr-2024,801030
May-2024,740170
Jun-2024,762820
Jul-2024,899050
Aug-2024,844770
Sep-2024,829450
Oct-2024,886180
Nov-2024,885670
Dec-2024,1086750