"Table 13.2 Total Departures(a) by State of Residence/Stay(b), Jan-1991 to Aug-2025(c)",,,,,,,,,,,,,,,,,,,,,,,,,,,,,,,,,,,,,,,,,,,,,,,,
Month,NSW,Vic.,Qld,SA,WA,Tas.,NT,ACT,Australia(d),,,,,,,,,,,,,,,,,,,,,,,,,,,,,,,,,,,,,,,
Jan-1991,173740,70040,71710,15830,40910,3520,2010,5670,386150,,,,,,,,,,,,,,,,,,,,,,,,,,,,,,,,,,,,,,,
Feb-1991,143320,57360,57650,13260,31870,3590,2310,6560,317430,,,,,,,,,,,,,,,,,,,,,,,,,,,,,,,,,,,,,,,
Mar-1991,174480,72130,67350,15470,37510,4090,2650,6820,382100,,,,,,,,,,,,,,,,,,,,,,,,,,,,,,,,,,,,,,,
Apr-1991,151460,74460,61490,17050,41270,3400,3250,5120,359060,,,,,,,,,,,,,,,,,,,,,,,,,,,,,,,,,,,,,,,
May-1991,150090,65640,68180,14380,35240,4010,4330,5140,349140,,,,,,,,,,,,,,,,,,,,,,,,,,,,,,,,,,,,,,,
Jun-1991,161960,67420,81550,14200,38370,3330,5080,6270,379590,,,,,,,,,,,,,,,,,,,,,,,,,,,,,,,,,,,,,,,
Jul-1991,156130,76320,79880,17520,36770,2570,3620,5740,380580,,,,,,,,,,,,,,,,,,,,,,,,,,,,,,,,,,,,,,,
Aug-1991,172430,69890,89150,14180,33180,3480,4040,6080,395000,,,,,,,,,,,,,,,,,,,,,,,,,,,,,,,,,,,,,,,
Sep-1991,176020,74390,86100,14930,38080,3080,4430,6940,405480,,,,,,,,,,,,,,,,,,,,,,,,,,,,,,,,,,,,,,,
Oct-1991,169070,65010,79080,13240,34730,2620,2570,5850,374220,,,,,,,,,,,,,,,,,,,,,,,,,,,,,,,,,,,,,,,
Nov-1991,176930,77410,80730,15870,40680,3330,2330,5640,405390,,,,,,,,,,,,,,,,,,,,,,,,,,,,,,,,,,,,,,,
Dec-1991,201390,88770,85820,16750,48670,3420,5000,7530,459790,,,,,,,,,,,,,,,,,,,,,,,,,,,,,,,,,,,,,,,
Jan-1992,181870,73510,79140,15700,41230,4650,2940,5550,406820,,,,,,,,,,,,,,,,,,,,,,,,,,,,,,,,,,,,,,,
Feb-1992,168530,67650,74190,11680,34870,3710,2270,4700,369510,,,,,,,,,,,,,,,,,,,,,,,,,,,,,,,,,,,,,,,
Mar-1992,186350,74530,78110,15550,39760,4170,2650,5430,408640,,,,,,,,,,,,,,,,,,,,,,,,,,,,,,,,,,,,,,,
Apr-1992,189680,75860,76550,18060,41110,3390,3840,5570,416200,,,,,,,,,,,,,,,,,,,,,,,,,,,,,,,,,,,,,,,
May-1992,170440,69910,78260,15300,36300,4750,3530,5600,386380,,,,,,,,,,,,,,,,,,,,,,,,,,,,,,,,,,,,,,,
Jun-1992,159880,73930,81860,13330,38000,2980,5080,6630,383410,,,,,,,,,,,,,,,,,,,,,,,,,,,,,,,,,,,,,,,
Jul-1992,182980,76780,83210,17760,42720,3660,4150,7210,420230,,,,,,,,,,,,,,,,,,,,,,,,,,,,,,,,,,,,,,,
Aug-1992,169480,69880,95880,14840,38780,4510,4070,6020,405760,,,,,,,,,,,,,,,,,,,,,,,,,,,,,,,,,,,,,,,
Sep-1992,181800,76390,93980,15170,44850,2640,3640,6240,426990,,,,,,,,,,,,,,,,,,,,,,,,,,,,,,,,,,,,,,,
Oct-1992,165490,66060,81200,14780,39300,2850,3480,6090,382200,,,,,,,,,,,,,,,,,,,,,,,,,,,,,,,,,,,,,,,
Nov-1992,187890,76280,91950,15730,42310,3370,3730,6510,428900,,,,,,,,,,,,,,,,,,,,,,,,,,,,,,,,,,,,,,,
Dec-1992,223640,92780,106260,19260,55820,5220,5610,8380,518370,,,,,,,,,,,,,,,,,,,,,,,,,,,,,,,,,,,,,,,
Jan-1993,207300,77800,101530,14810,47710,4160,2800,6010,464360,,,,,,,,,,,,,,,,,,,,,,,,,,,,,,,,,,,,,,,
Feb-1993,176810,65290,82520,12900,32510,3530,1690,5500,382000,,,,,,,,,,,,,,,,,,,,,,,,,,,,,,,,,,,,,,,
Mar-1993,194960,77890,94680,16150,41290,4540,2200,6430,439640,,,,,,,,,,,,,,,,,,,,,,,,,,,,,,,,,,,,,,,
Apr-1993,199840,79710,86190,17230,45280,4410,3610,5560,442680,,,,,,,,,,,,,,,,,,,,,,,,,,,,,,,,,,,,,,,
May-1993,186380,79360,95310,15980,38640,4700,4270,5340,431270,,,,,,,,,,,,,,,,,,,,,,,,,,,,,,,,,,,,,,,
Jun-1993,180720,74160,96400,14500,47340,3900,4450,7090,428890,,,,,,,,,,,,,,,,,,,,,,,,,,,,,,,,,,,,,,,
Jul-1993,173480,78620,93660,15830,46710,3150,4590,6380,422610,,,,,,,,,,,,,,,,,,,,,,,,,,,,,,,,,,,,,,,
Aug-1993,195600,71820,109260,13700,42780,4220,5120,6030,449060,,,,,,,,,,,,,,,,,,,,,,,,,,,,,,,,,,,,,,,
Sep-1993,193760,77790,105360,17620,40750,3340,4170,7440,450600,,,,,,,,,,,,,,,,,,,,,,,,,,,,,,,,,,,,,,,
Oct-1993,197760,68400,91670,13490,43760,2730,3760,5750,428420,,,,,,,,,,,,,,,,,,,,,,,,,,,,,,,,,,,,,,,
Nov-1993,194700,78380,106190,16430,48650,4340,6610,6160,461470,,,,,,,,,,,,,,,,,,,,,,,,,,,,,,,,,,,,,,,
Dec-1993,227950,93080,123300,17020,59500,4370,4420,7880,537520,,,,,,,,,,,,,,,,,,,,,,,,,,,,,,,,,,,,,,,
Jan-1994,217560,81940,110200,17730,51140,4350,3940,5050,491910,,,,,,,,,,,,,,,,,,,,,,,,,,,,,,,,,,,,,,,
Feb-1994,207760,67980,96160,12890,43110,3530,4010,5480,440930,,,,,,,,,,,,,,,,,,,,,,,,,,,,,,,,,,,,,,,
Mar-1994,232420,86540,101620,17610,53670,3840,4150,5930,505780,,,,,,,,,,,,,,,,,,,,,,,,,,,,,,,,,,,,,,,
Apr-1994,213220,81100,93840,18710,51500,3500,5160,5770,472800,,,,,,,,,,,,,,,,,,,,,,,,,,,,,,,,,,,,,,,
May-1994,198120,74130,94960,14960,48580,4010,5070,4930,444760,,,,,,,,,,,,,,,,,,,,,,,,,,,,,,,,,,,,,,,
Jun-1994,199140,78140,99590,15010,50050,2900,5600,6610,457040,,,,,,,,,,,,,,,,,,,,,,,,,,,,,,,,,,,,,,,
Jul-1994,197020,82750,100720,17610,57110,2820,5590,6730,470330,,,,,,,,,,,,,,,,,,,,,,,,,,,,,,,,,,,,,,,
Aug-1994,210800,74000,121400,16990,49830,4270,6640,5430,489370,,,,,,,,,,,,,,,,,,,,,,,,,,,,,,,,,,,,,,,
Sep-1994,207350,83610,113540,14920,52340,3470,4240,8090,487550,,,,,,,,,,,,,,,,,,,,,,,,,,,,,,,,,,,,,,,
Oct-1994,200400,72750,112940,14610,50820,2860,5870,5050,465300,,,,,,,,,,,,,,,,,,,,,,,,,,,,,,,,,,,,,,,
Nov-1994,214100,79790,116660,17380,53780,4270,5470,6660,498110,,,,,,,,,,,,,,,,,,,,,,,,,,,,,,,,,,,,,,,
Dec-1994,246760,104040,125510,19570,69400,5660,6070,9320,586330,,,,,,,,,,,,,,,,,,,,,,,,,,,,,,,,,,,,,,,
Jan-1995,243510,88460,123110,17770,57430,5750,4490,6990,547520,,,,,,,,,,,,,,,,,,,,,,,,,,,,,,,,,,,,,,,
Feb-1995,212540,76960,102070,15090,46490,4190,2860,5850,467050,,,,,,,,,,,,,,,,,,,,,,,,,,,,,,,,,,,,,,,
Mar-1995,237300,92900,111530,19070,58010,4730,4180,6790,535590,,,,,,,,,,,,,,,,,,,,,,,,,,,,,,,,,,,,,,,
Apr-1995,233380,93350,110830,17240,54390,4490,4600,7370,527090,,,,,,,,,,,,,,,,,,,,,,,,,,,,,,,,,,,,,,,
May-1995,211440,84660,108540,18010,48730,4320,7180,5570,489830,,,,,,,,,,,,,,,,,,,,,,,,,,,,,,,,,,,,,,,
Jun-1995,202000,86320,113820,16740,53420,3100,6260,6930,489780,,,,,,,,,,,,,,,,,,,,,,,,,,,,,,,,,,,,,,,
Jul-1995,225670,93420,116050,19910,54670,3430,6720,7810,529090,,,,,,,,,,,,,,,,,,,,,,,,,,,,,,,,,,,,,,,
Aug-1995,231610,82910,144590,16320,50260,3170,8120,7500,545760,,,,,,,,,,,,,,,,,,,,,,,,,,,,,,,,,,,,,,,
Sep-1995,221990,92010,128760,15850,53640,3880,6050,6760,530250,,,,,,,,,,,,,,,,,,,,,,,,,,,,,,,,,,,,,,,
Oct-1995,209340,80530,116870,15010,53750,3140,5720,6720,492200,,,,,,,,,,,,,,,,,,,,,,,,,,,,,,,,,,,,,,,
Nov-1995,235790,94510,127130,17160,54230,3740,6450,7410,548110,,,,,,,,,,,,,,,,,,,,,,,,,,,,,,,,,,,,,,,
Dec-1995,275500,111360,138480,19530,74070,5830,6420,8950,642570,,,,,,,,,,,,,,,,,,,,,,,,,,,,,,,,,,,,,,,
Jan-1996,263460,96690,131900,18630,58970,6560,4350,7260,589600,,,,,,,,,,,,,,,,,,,,,,,,,,,,,,,,,,,,,,,
Feb-1996,239820,85520,121840,15430,55030,4200,3950,6550,533700,,,,,,,,,,,,,,,,,,,,,,,,,,,,,,,,,,,,,,,
Mar-1996,281460,104760,126450,20160,60200,6310,5360,8200,615950,,,,,,,,,,,,,,,,,,,,,,,,,,,,,,,,,,,,,,,
Apr-1996,250220,100840,124240,20620,58030,4140,5400,7530,572890,,,,,,,,,,,,,,,,,,,,,,,,,,,,,,,,,,,,,,,
May-1996,219070,89700,116660,18110,54500,4780,5200,7340,516620,,,,,,,,,,,,,,,,,,,,,,,,,,,,,,,,,,,,,,,
Jun-1996,236630,102120,133080,16260,61950,4510,7380,8150,570800,,,,,,,,,,,,,,,,,,,,,,,,,,,,,,,,,,,,,,,
Jul-1996,234490,98730,142890,18900,59240,3790,6410,7020,573120,,,,,,,,,,,,,,,,,,,,,,,,,,,,,,,,,,,,,,,
Aug-1996,248540,95010,163140,18590,58570,3470,7210,7570,602730,,,,,,,,,,,,,,,,,,,,,,,,,,,,,,,,,,,,,,,
Sep-1996,234140,105900,142550,19730,61320,4420,5970,8170,584500,,,,,,,,,,,,,,,,,,,,,,,,,,,,,,,,,,,,,,,
Oct-1996,234060,88280,132310,18010,56680,3460,5080,7230,546830,,,,,,,,,,,,,,,,,,,,,,,,,,,,,,,,,,,,,,,
Nov-1996,249690,108430,141700,16150,58950,3800,6750,7530,594460,,,,,,,,,,,,,,,,,,,,,,,,,,,,,,,,,,,,,,,
Dec-1996,295460,122200,156370,22270,79880,5940,5630,11460,699870,,,,,,,,,,,,,,,,,,,,,,,,,,,,,,,,,,,,,,,
Jan-1997,283910,110090,147750,19420,66800,6100,4720,7640,647560,,,,,,,,,,,,,,,,,,,,,,,,,,,,,,,,,,,,,,,
Feb-1997,247970,93140,128040,16580,58500,4800,5030,7970,564610,,,,,,,,,,,,,,,,,,,,,,,,,,,,,,,,,,,,,,,
Mar-1997,287050,118280,143290,20450,62270,5670,4700,7580,650090,,,,,,,,,,,,,,,,,,,,,,,,,,,,,,,,,,,,,,,
Apr-1997,247110,108160,131850,21990,63730,4050,4740,8060,591240,,,,,,,,,,,,,,,,,,,,,,,,,,,,,,,,,,,,,,,
May-1997,241610,101080,122900,21020,60210,5140,6420,9060,568410,,,,,,,,,,,,,,,,,,,,,,,,,,,,,,,,,,,,,,,
Jun-1997,251180,115620,132050,17000,61230,4760,7330,7000,597400,,,,,,,,,,,,,,,,,,,,,,,,,,,,,,,,,,,,,,,
Jul-1997,245460,114200,145390,20600,68870,4110,7680,8660,615970,,,,,,,,,,,,,,,,,,,,,,,,,,,,,,,,,,,,,,,
Aug-1997,255240,108370,165810,19340,64250,3870,7920,6910,632500,,,,,,,,,,,,,,,,,,,,,,,,,,,,,,,,,,,,,,,
Sep-1997,238850,112120,156670,20800,69910,5230,6420,9100,619600,,,,,,,,,,,,,,,,,,,,,,,,,,,,,,,,,,,,,,,
Oct-1997,244580,100350,141050,18350,63700,3490,6240,6020,584500,,,,,,,,,,,,,,,,,,,,,,,,,,,,,,,,,,,,,,,
Nov-1997,259750,111630,149510,20710,67180,4120,6590,8930,629570,,,,,,,,,,,,,,,,,,,,,,,,,,,,,,,,,,,,,,,
Dec-1997,286370,130820,147610,22840,76460,7020,5550,10250,689030,,,,,,,,,,,,,,,,,,,,,,,,,,,,,,,,,,,,,,,
Jan-1998,281880,112230,141890,21910,72960,6210,4850,8340,650840,,,,,,,,,,,,,,,,,,,,,,,,,,,,,,,,,,,,,,,
Feb-1998,241860,96640,120680,17590,57360,4820,4890,7440,551750,,,,,,,,,,,,,,,,,,,,,,,,,,,,,,,,,,,,,,,
Mar-1998,265710,114310,123930,21690,65930,5070,5630,7980,610800,,,,,,,,,,,,,,,,,,,,,,,,,,,,,,,,,,,,,,,
Apr-1998,271100,117160,136380,23730,70760,4670,4990,9260,638750,,,,,,,,,,,,,,,,,,,,,,,,,,,,,,,,,,,,,,,
May-1998,245730,111530,129230,21940,67200,5760,6090,7370,595200,,,,,,,,,,,,,,,,,,,,,,,,,,,,,,,,,,,,,,,
Jun-1998,232300,117170,143190,18160,65720,4450,7370,8030,597990,,,,,,,,,,,,,,,,,,,,,,,,,,,,,,,,,,,,,,,
Jul-1998,251650,113050,138840,20400,64540,2600,8110,7370,609210,,,,,,,,,,,,,,,,,,,,,,,,,,,,,,,,,,,,,,,
Aug-1998,258200,112210,166630,19510,68930,3320,12690,8160,651940,,,,,,,,,,,,,,,,,,,,,,,,,,,,,,,,,,,,,,,
Sep-1998,241270,113550,149460,21410,66370,4820,14030,8420,621360,,,,,,,,,,,,,,,,,,,,,,,,,,,,,,,,,,,,,,,
Oct-1998,239900,118030,142010,19760,72300,4290,10910,7440,616930,,,,,,,,,,,,,,,,,,,,,,,,,,,,,,,,,,,,,,,
Nov-1998,254660,123870,146850,21080,67890,3800,5970,8900,634820,,,,,,,,,,,,,,,,,,,,,,,,,,,,,,,,,,,,,,,
Dec-1998,292720,136400,149720,25190,82410,6270,6600,9550,711310,,,,,,,,,,,,,,,,,,,,,,,,,,,,,,,,,,,,,,,
Jan-1999,301090,125740,148920,22560,79720,7650,6060,8580,702550,,,,,,,,,,,,,,,,,,,,,,,,,,,,,,,,,,,,,,,
Feb-1999,249740,105140,122110,18600,60990,5470,5450,6320,575130,,,,,,,,,,,,,,,,,,,,,,,,,,,,,,,,,,,,,,,
Mar-1999,287810,131060,131530,23170,71970,4830,5070,8310,665650,,,,,,,,,,,,,,,,,,,,,,,,,,,,,,,,,,,,,,,
Apr-1999,269290,117600,142480,23560,63090,7130,5120,9620,639760,,,,,,,,,,,,,,,,,,,,,,,,,,,,,,,,,,,,,,,
May-1999,243360,109930,133340,23120,64000,5840,6030,7460,594910,,,,,,,,,,,,,,,,,,,,,,,,,,,,,,,,,,,,,,,
Jun-1999,231610,129320,148510,19830,69150,3580,7320,8400,619670,,,,,,,,,,,,,,,,,,,,,,,,,,,,,,,,,,,,,,,
Jul-1999,254570,115410,151070,24590,70290,3900,8240,9260,638160,,,,,,,,,,,,,,,,,,,,,,,,,,,,,,,,,,,,,,,
Aug-1999,275410,123560,178950,25580,74250,4640,8570,7970,699270,,,,,,,,,,,,,,,,,,,,,,,,,,,,,,,,,,,,,,,
Sep-1999,268590,119850,166390,23720,72970,4750,8100,10350,675640,,,,,,,,,,,,,,,,,,,,,,,,,,,,,,,,,,,,,,,
Oct-1999,255900,119170,154750,22210,65130,4370,10260,6890,639720,,,,,,,,,,,,,,,,,,,,,,,,,,,,,,,,,,,,,,,
Nov-1999,275440,125970,161540,18850,70630,5190,5460,9010,672210,,,,,,,,,,,,,,,,,,,,,,,,,,,,,,,,,,,,,,,
Dec-1999,294060,137630,161960,22990,81590,5980,7480,10100,722510,,,,,,,,,,,,,,,,,,,,,,,,,,,,,,,,,,,,,,,
Jan-2000,330130,127860,148280,20230,77330,6310,5230,8010,723440,,,,,,,,,,,,,,,,,,,,,,,,,,,,,,,,,,,,,,,
Feb-2000,277960,110790,134950,17190,62640,6500,7210,7540,624840,,,,,,,,,,,,,,,,,,,,,,,,,,,,,,,,,,,,,,,
Mar-2000,303860,133660,138000,22290,79210,6210,10090,8820,702200,,,,,,,,,,,,,,,,,,,,,,,,,,,,,,,,,,,,,,,
Apr-2000,316030,135580,158500,29400,76840,5060,10380,8450,741110,,,,,,,,,,,,,,,,,,,,,,,,,,,,,,,,,,,,,,,
May-2000,276150,122440,142930,24190,73520,6020,7390,8290,661340,,,,,,,,,,,,,,,,,,,,,,,,,,,,,,,,,,,,,,,
Jun-2000,262360,134970,143440,23510,77840,4540,8490,9530,664860,,,,,,,,,,,,,,,,,,,,,,,,,,,,,,,,,,,,,,,
Jul-2000,283060,117820,166960,25090,70330,3200,11190,10120,687860,,,,,,,,,,,,,,,,,,,,,,,,,,,,,,,,,,,,,,,
Aug-2000,290460,134600,176500,25800,79610,5150,8330,8170,728810,,,,,,,,,,,,,,,,,,,,,,,,,,,,,,,,,,,,,,,
Sep-2000,320850,136850,140300,25030,67480,4180,7200,13240,715560,,,,,,,,,,,,,,,,,,,,,,,,,,,,,,,,,,,,,,,
Oct-2000,352920,124110,150850,17910,65780,4050,8510,9370,735140,,,,,,,,,,,,,,,,,,,,,,,,,,,,,,,,,,,,,,,
Nov-2000,330040,138710,166410,20970,79800,5540,6270,10110,759430,,,,,,,,,,,,,,,,,,,,,,,,,,,,,,,,,,,,,,,
Dec-2000,380460,162720,175660,26160,96470,7400,8510,11220,871220,,,,,,,,,,,,,,,,,,,,,,,,,,,,,,,,,,,,,,,
Jan-2001,352620,153950,173110,25820,91080,7160,7540,9660,821560,,,,,,,,,,,,,,,,,,,,,,,,,,,,,,,,,,,,,,,
Feb-2001,290670,118890,126440,17930,62450,5890,4870,8250,636500,,,,,,,,,,,,,,,,,,,,,,,,,,,,,,,,,,,,,,,
Mar-2001,322660,145540,151200,25590,81090,5990,7100,8640,749700,,,,,,,,,,,,,,,,,,,,,,,,,,,,,,,,,,,,,,,
Apr-2001,319470,143550,160390,27980,76290,4350,10250,8270,754150,,,,,,,,,,,,,,,,,,,,,,,,,,,,,,,,,,,,,,,
May-2001,290200,129850,143630,23040,67210,6530,8090,8880,679260,,,,,,,,,,,,,,,,,,,,,,,,,,,,,,,,,,,,,,,
Jun-2001,275200,147060,166160,22570,74600,4680,7820,7940,706880,,,,,,,,,,,,,,,,,,,,,,,,,,,,,,,,,,,,,,,
Jul-2001,311820,136900,165310,26670,70620,5620,10820,10800,738660,,,,,,,,,,,,,,,,,,,,,,,,,,,,,,,,,,,,,,,
Aug-2001,292490,138660,189560,24790,73950,6340,13810,11560,751250,,,,,,,,,,,,,,,,,,,,,,,,,,,,,,,,,,,,,,,
Sep-2001,274070,135010,166020,24070,73520,7010,9100,10590,699630,,,,,,,,,,,,,,,,,,,,,,,,,,,,,,,,,,,,,,,
Oct-2001,248510,113870,145450,22340,65180,4850,10610,7850,618950,,,,,,,,,,,,,,,,,,,,,,,,,,,,,,,,,,,,,,,
Nov-2001,262830,127080,140310,21540,63410,5170,9480,8060,637910,,,,,,,,,,,,,,,,,,,,,,,,,,,,,,,,,,,,,,,
Dec-2001,332810,156290,157700,26880,79410,7550,9240,11750,782310,,,,,,,,,,,,,,,,,,,,,,,,,,,,,,,,,,,,,,,
Jan-2002,335780,147060,143960,24580,79180,11170,6290,9510,757640,,,,,,,,,,,,,,,,,,,,,,,,,,,,,,,,,,,,,,,
Feb-2002,285980,118650,130210,20970,63570,7020,6080,8030,640570,,,,,,,,,,,,,,,,,,,,,,,,,,,,,,,,,,,,,,,
Mar-2002,304520,164970,151550,24110,72730,7570,8280,9420,743420,,,,,,,,,,,,,,,,,,,,,,,,,,,,,,,,,,,,,,,
Apr-2002,302880,129420,145080,28130,74960,7300,6720,10180,704770,,,,,,,,,,,,,,,,,,,,,,,,,,,,,,,,,,,,,,,
May-2002,279240,131430,139500,21820,69110,8100,8300,9950,667490,,,,,,,,,,,,,,,,,,,,,,,,,,,,,,,,,,,,,,,
Jun-2002,260820,144280,156540,21190,74710,5460,9220,10390,682710,,,,,,,,,,,,,,,,,,,,,,,,,,,,,,,,,,,,,,,
Jul-2002,283300,132730,167420,26240,71560,5350,9740,10800,707290,,,,,,,,,,,,,,,,,,,,,,,,,,,,,,,,,,,,,,,
Aug-2002,284880,135350,186690,23910,75130,6710,13200,9330,735280,,,,,,,,,,,,,,,,,,,,,,,,,,,,,,,,,,,,,,,
Sep-2002,267830,139850,169600,24580,74700,7090,8720,11670,704200,,,,,,,,,,,,,,,,,,,,,,,,,,,,,,,,,,,,,,,
Oct-2002,276920,126910,157790,21320,68470,4940,9050,10330,675740,,,,,,,,,,,,,,,,,,,,,,,,,,,,,,,,,,,,,,,
Nov-2002,299790,134790,174690,22250,69680,5730,7980,8200,723120,,,,,,,,,,,,,,,,,,,,,,,,,,,,,,,,,,,,,,,
Dec-2002,346110,165810,180710,27520,87940,7070,8460,12640,836430,,,,,,,,,,,,,,,,,,,,,,,,,,,,,,,,,,,,,,,
Jan-2003,341510,148890,165500,26050,82210,8060,5630,8460,786500,,,,,,,,,,,,,,,,,,,,,,,,,,,,,,,,,,,,,,,
Feb-2003,274950,118650,136060,17410,64310,5620,5990,8110,631130,,,,,,,,,,,,,,,,,,,,,,,,,,,,,,,,,,,,,,,
Mar-2003,289040,131970,148330,21910,71690,6920,5590,9240,684720,,,,,,,,,,,,,,,,,,,,,,,,,,,,,,,,,,,,,,,
Apr-2003,244180,116080,134790,20720,62360,6320,5300,8710,598470,,,,,,,,,,,,,,,,,,,,,,,,,,,,,,,,,,,,,,,
May-2003,213350,107570,123230,20240,56300,5600,6190,7940,540420,,,,,,,,,,,,,,,,,,,,,,,,,,,,,,,,,,,,,,,
Jun-2003,230090,128050,147700,17170,60150,3420,7530,9950,604260,,,,,,,,,,,,,,,,,,,,,,,,,,,,,,,,,,,,,,,
Jul-2003,274270,126600,163930,24230,69010,4910,8380,12030,683410,,,,,,,,,,,,,,,,,,,,,,,,,,,,,,,,,,,,,,,
Aug-2003,285390,138600,188260,23400,69860,5670,9310,9650,730170,,,,,,,,,,,,,,,,,,,,,,,,,,,,,,,,,,,,,,,
Sep-2003,285550,151070,174330,24120,70960,5810,6930,10770,729570,,,,,,,,,,,,,,,,,,,,,,,,,,,,,,,,,,,,,,,
Oct-2003,267550,140310,169200,22040,71210,4670,6840,10800,692720,,,,,,,,,,,,,,,,,,,,,,,,,,,,,,,,,,,,,,,
Nov-2003,320110,169800,184000,22590,73980,7620,7400,13070,798620,,,,,,,,,,,,,,,,,,,,,,,,,,,,,,,,,,,,,,,
Dec-2003,375260,198000,191880,30140,94620,9330,9150,13710,922660,,,,,,,,,,,,,,,,,,,,,,,,,,,,,,,,,,,,,,,
Jan-2004,354350,179060,188380,30580,90900,10660,6710,11500,872150,,,,,,,,,,,,,,,,,,,,,,,,,,,,,,,,,,,,,,,
Feb-2004,291330,147070,154330,21480,68520,8010,6080,7760,704580,,,,,,,,,,,,,,,,,,,,,,,,,,,,,,,,,,,,,,,
Mar-2004,314670,175800,167560,29040,82870,8930,5270,11470,795610,,,,,,,,,,,,,,,,,,,,,,,,,,,,,,,,,,,,,,,
Apr-2004,318610,173190,175200,32550,85970,7290,5580,12990,811370,,,,,,,,,,,,,,,,,,,,,,,,,,,,,,,,,,,,,,,
May-2004,292000,166080,158380,28710,75960,7390,6280,11660,746690,,,,,,,,,,,,,,,,,,,,,,,,,,,,,,,,,,,,,,,
Jun-2004,295860,186240,178620,27840,79350,6290,7450,13600,795240,,,,,,,,,,,,,,,,,,,,,,,,,,,,,,,,,,,,,,,
Jul-2004,318740,153130,198460,30430,81600,5460,9200,10150,807180,,,,,,,,,,,,,,,,,,,,,,,,,,,,,,,,,,,,,,,
Aug-2004,313760,163730,227850,30090,79720,5790,12120,9960,843010,,,,,,,,,,,,,,,,,,,,,,,,,,,,,,,,,,,,,,,
Sep-2004,313000,167780,212300,30070,74480,6770,9540,11810,825840,,,,,,,,,,,,,,,,,,,,,,,,,,,,,,,,,,,,,,,
Oct-2004,305870,154950,196230,27350,82620,5340,8430,10750,791600,,,,,,,,,,,,,,,,,,,,,,,,,,,,,,,,,,,,,,,
Nov-2004,333640,179920,205590,28020,89040,7110,7830,11690,862840,,,,,,,,,,,,,,,,,,,,,,,,,,,,,,,,,,,,,,,
Dec-2004,405220,213690,222330,35360,103660,9640,9400,15400,1014700,,,,,,,,,,,,,,,,,,,,,,,,,,,,,,,,,,,,,,,
Jan-2005,400420,193320,203120,32730,98890,9310,6590,11740,956180,,,,,,,,,,,,,,,,,,,,,,,,,,,,,,,,,,,,,,,
Feb-2005,323610,155610,169300,24940,77200,8700,6390,8960,774700,,,,,,,,,,,,,,,,,,,,,,,,,,,,,,,,,,,,,,,
Mar-2005,352790,191140,200250,32780,93660,9340,6980,11650,898590,,,,,,,,,,,,,,,,,,,,,,,,,,,,,,,,,,,,,,,
Apr-2005,345450,173860,181270,34340,92300,7290,6820,12190,853530,,,,,,,,,,,,,,,,,,,,,,,,,,,,,,,,,,,,,,,
May-2005,310030,165570,183360,30740,84840,9330,9680,12410,805960,,,,,,,,,,,,,,,,,,,,,,,,,,,,,,,,,,,,,,,
Jun-2005,319560,187410,207840,27670,94370,5270,8490,13230,863870,,,,,,,,,,,,,,,,,,,,,,,,,,,,,,,,,,,,,,,
Jul-2005,340490,164790,210100,36510,88450,5560,10180,11750,867850,,,,,,,,,,,,,,,,,,,,,,,,,,,,,,,,,,,,,,,
Aug-2005,331560,169130,249600,32650,88870,8540,11820,12550,904730,,,,,,,,,,,,,,,,,,,,,,,,,,,,,,,,,,,,,,,
Sep-2005,332980,175490,216900,31990,92100,7630,9090,13850,880090,,,,,,,,,,,,,,,,,,,,,,,,,,,,,,,,,,,,,,,
Oct-2005,311180,158010,209720,29800,82640,6500,7640,10220,815700,,,,,,,,,,,,,,,,,,,,,,,,,,,,,,,,,,,,,,,
Nov-2005,335740,185870,213640,28690,91080,8980,6780,12810,883600,,,,,,,,,,,,,,,,,,,,,,,,,,,,,,,,,,,,,,,
Dec-2005,407060,219770,225270,36920,110720,9430,9530,16390,1035100,,,,,,,,,,,,,,,,,,,,,,,,,,,,,,,,,,,,,,,
Jan-2006,398490,189340,211210,30850,97840,10200,8220,13450,959690,,,,,,,,,,,,,,,,,,,,,,,,,,,,,,,,,,,,,,,
Feb-2006,322990,153860,177030,25490,78140,8080,5250,9810,780630,,,,,,,,,,,,,,,,,,,,,,,,,,,,,,,,,,,,,,,
Mar-2006,339990,185130,192890,33630,90970,9320,6980,11680,870590,,,,,,,,,,,,,,,,,,,,,,,,,,,,,,,,,,,,,,,
Apr-2006,366240,178660,204750,36920,99680,8970,7730,13990,916940,,,,,,,,,,,,,,,,,,,,,,,,,,,,,,,,,,,,,,,
May-2006,306540,170180,184640,32700,81050,8890,8240,11340,803640,,,,,,,,,,,,,,,,,,,,,,,,,,,,,,,,,,,,,,,
Jun-2006,332410,206900,204050,29820,90430,6290,8590,12290,890800,,,,,,,,,,,,,,,,,,,,,,,,,,,,,,,,,,,,,,,
Jul-2006,319680,159290,218310,35400,92310,7260,11360,12990,856610,,,,,,,,,,,,,,,,,,,,,,,,,,,,,,,,,,,,,,,
Aug-2006,324380,173460,241500,34240,86120,7700,15580,11300,894280,,,,,,,,,,,,,,,,,,,,,,,,,,,,,,,,,,,,,,,
Sep-2006,321280,189470,229550,33560,87790,8840,10600,14210,895330,,,,,,,,,,,,,,,,,,,,,,,,,,,,,,,,,,,,,,,
Oct-2006,335450,162980,215820,30800,91380,7710,12870,11810,868850,,,,,,,,,,,,,,,,,,,,,,,,,,,,,,,,,,,,,,,
Nov-2006,345620,189590,209310,30310,92850,9150,10720,12870,900420,,,,,,,,,,,,,,,,,,,,,,,,,,,,,,,,,,,,,,,
Dec-2006,423030,235010,241730,41350,128820,8660,11140,16690,1106420,,,,,,,,,,,,,,,,,,,,,,,,,,,,,,,,,,,,,,,
Jan-2007,415410,207120,211560,35330,110260,11210,9680,12450,1013050,,,,,,,,,,,,,,,,,,,,,,,,,,,,,,,,,,,,,,,
Feb-2007,327500,162090,184830,28400,83290,9030,7970,9400,812520,,,,,,,,,,,,,,,,,,,,,,,,,,,,,,,,,,,,,,,
Mar-2007,376650,203740,209660,40640,101790,10130,11270,11910,965780,,,,,,,,,,,,,,,,,,,,,,,,,,,,,,,,,,,,,,,
Apr-2007,372640,190630,204230,41470,110780,8630,9330,13860,951580,,,,,,,,,,,,,,,,,,,,,,,,,,,,,,,,,,,,,,,
May-2007,318980,183860,187940,33450,94600,9570,14650,13120,856170,,,,,,,,,,,,,,,,,,,,,,,,,,,,,,,,,,,,,,,
Jun-2007,343200,206260,215740,29870,106340,7930,11980,14050,935360,,,,,,,,,,,,,,,,,,,,,,,,,,,,,,,,,,,,,,,
Jul-2007,339410,192230,224750,37180,108650,7160,10970,14520,934850,,,,,,,,,,,,,,,,,,,,,,,,,,,,,,,,,,,,,,,
Aug-2007,344180,191830,252370,36270,104530,8390,11630,12920,962120,,,,,,,,,,,,,,,,,,,,,,,,,,,,,,,,,,,,,,,
Sep-2007,355190,207050,240390,36900,107970,9770,10570,15620,983450,,,,,,,,,,,,,,,,,,,,,,,,,,,,,,,,,,,,,,,
Oct-2007,345990,179520,217740,33640,103910,6760,10240,13130,910930,,,,,,,,,,,,,,,,,,,,,,,,,,,,,,,,,,,,,,,
Nov-2007,370710,209140,224530,34040,104250,8500,9390,14300,974850,,,,,,,,,,,,,,,,,,,,,,,,,,,,,,,,,,,,,,,
Dec-2007,443440,249800,257210,43360,141030,9460,11180,18890,1174380,,,,,,,,,,,,,,,,,,,,,,,,,,,,,,,,,,,,,,,
Jan-2008,417800,214220,218330,38270,120120,10930,8490,13720,1041870,,,,,,,,,,,,,,,,,,,,,,,,,,,,,,,,,,,,,,,
Feb-2008,356210,182210,193920,30390,95790,9080,6740,11510,885850,,,,,,,,,,,,,,,,,,,,,,,,,,,,,,,,,,,,,,,
Mar-2008,383270,228120,211790,37300,115630,10530,8150,13260,1008050,,,,,,,,,,,,,,,,,,,,,,,,,,,,,,,,,,,,,,,
Apr-2008,375560,193580,198740,41960,119350,8470,7960,14510,960120,,,,,,,,,,,,,,,,,,,,,,,,,,,,,,,,,,,,,,,
May-2008,345940,199320,203710,36200,107290,10820,8210,13470,924940,,,,,,,,,,,,,,,,,,,,,,,,,,,,,,,,,,,,,,,
Jun-2008,345690,223740,218710,33000,111650,8450,10880,14940,967050,,,,,,,,,,,,,,,,,,,,,,,,,,,,,,,,,,,,,,,
Jul-2008,400110,190450,218200,39160,113740,7680,11780,15250,996350,,,,,,,,,,,,,,,,,,,,,,,,,,,,,,,,,,,,,,,
Aug-2008,354780,201080,255980,39140,109930,9240,12460,14010,996630,,,,,,,,,,,,,,,,,,,,,,,,,,,,,,,,,,,,,,,
Sep-2008,338830,208340,225980,38280,112240,9220,9960,15250,958090,,,,,,,,,,,,,,,,,,,,,,,,,,,,,,,,,,,,,,,
Oct-2008,336780,188500,216400,35190,108270,7490,9780,13900,916310,,,,,,,,,,,,,,,,,,,,,,,,,,,,,,,,,,,,,,,
Nov-2008,353010,211080,222250,34680,107410,8990,8560,15280,961270,,,,,,,,,,,,,,,,,,,,,,,,,,,,,,,,,,,,,,,
Dec-2008,436920,259110,254480,45210,149970,10010,11870,20430,1187990,,,,,,,,,,,,,,,,,,,,,,,,,,,,,,,,,,,,,,,
Jan-2009,407900,217900,218050,38200,126840,12150,8320,13350,1042720,,,,,,,,,,,,,,,,,,,,,,,,,,,,,,,,,,,,,,,
Feb-2009,332710,177300,184510,29220,93830,9220,6610,10890,844290,,,,,,,,,,,,,,,,,,,,,,,,,,,,,,,,,,,,,,,
Mar-2009,361830,209190,204640,35790,113030,10020,7980,12950,955430,,,,,,,,,,,,,,,,,,,,,,,,,,,,,,,,,,,,,,,
Apr-2009,389250,218580,212160,41610,126940,9170,9490,15410,1022600,,,,,,,,,,,,,,,,,,,,,,,,,,,,,,,,,,,,,,,
May-2009,340770,203940,201890,36160,117400,11490,11080,13880,936610,,,,,,,,,,,,,,,,,,,,,,,,,,,,,,,,,,,,,,,
Jun-2009,332050,239640,218160,35140,126150,8410,12450,15950,987950,,,,,,,,,,,,,,,,,,,,,,,,,,,,,,,,,,,,,,,
Jul-2009,383600,202400,216090,42530,129160,7860,12470,16060,1010180,,,,,,,,,,,,,,,,,,,,,,,,,,,,,,,,,,,,,,,
Aug-2009,358950,213670,245160,38350,122430,9540,13180,14420,1015690,,,,,,,,,,,,,,,,,,,,,,,,,,,,,,,,,,,,,,,
Sep-2009,353160,238450,247760,42990,134520,10630,12180,18400,1058070,,,,,,,,,,,,,,,,,,,,,,,,,,,,,,,,,,,,,,,
Oct-2009,398290,214080,223810,38100,126290,8290,11430,16080,1036370,,,,,,,,,,,,,,,,,,,,,,,,,,,,,,,,,,,,,,,
Nov-2009,387860,237470,232200,40020,130340,10470,10880,18590,1067800,,,,,,,,,,,,,,,,,,,,,,,,,,,,,,,,,,,,,,,
Dec-2009,480160,295850,267750,49870,167800,11360,13940,24880,1311620,,,,,,,,,,,,,,,,,,,,,,,,,,,,,,,,,,,,,,,
Jan-2010,452420,248620,227490,43010,144870,12340,9510,17070,1155320,,,,,,,,,,,,,,,,,,,,,,,,,,,,,,,,,,,,,,,
Feb-2010,374230,205140,198150,33460,115920,10520,8890,12860,959170,,,,,,,,,,,,,,,,,,,,,,,,,,,,,,,,,,,,,,,
Mar-2010,415600,251870,221900,42070,140880,11940,10230,17010,1111500,,,,,,,,,,,,,,,,,,,,,,,,,,,,,,,,,,,,,,,
Apr-2010,392500,220190,215980,46170,136150,10340,10040,17840,1049210,,,,,,,,,,,,,,,,,,,,,,,,,,,,,,,,,,,,,,,
May-2010,365040,223620,205100,41190,128170,13430,10350,16190,1003080,,,,,,,,,,,,,,,,,,,,,,,,,,,,,,,,,,,,,,,
Jun-2010,386890,278830,237550,42290,149760,10650,13080,21510,1140560,,,,,,,,,,,,,,,,,,,,,,,,,,,,,,,,,,,,,,,
Jul-2010,403450,233360,236730,48890,144090,9320,13250,21010,1110100,,,,,,,,,,,,,,,,,,,,,,,,,,,,,,,,,,,,,,,
Aug-2010,384730,246180,268530,44810,134810,12000,15350,18040,1124460,,,,,,,,,,,,,,,,,,,,,,,,,,,,,,,,,,,,,,,
Sep-2010,409420,268950,256550,47540,151800,12550,13080,22300,1182190,,,,,,,,,,,,,,,,,,,,,,,,,,,,,,,,,,,,,,,
Oct-2010,394860,243780,238160,40840,136610,9630,11690,18280,1093840,,,,,,,,,,,,,,,,,,,,,,,,,,,,,,,,,,,,,,,
Nov-2010,408050,257790,246180,44250,135900,11990,12010,19880,1136040,,,,,,,,,,,,,,,,,,,,,,,,,,,,,,,,,,,,,,,
Dec-2010,503870,324510,289060,52990,183680,11650,14420,24560,1404740,,,,,,,,,,,,,,,,,,,,,,,,,,,,,,,,,,,,,,,
Jan-2011,483940,286640,235120,45620,157330,13270,10100,17720,1249740,,,,,,,,,,,,,,,,,,,,,,,,,,,,,,,,,,,,,,,
Feb-2011,384810,221750,198680,34450,121600,10870,9250,12220,993630,,,,,,,,,,,,,,,,,,,,,,,,,,,,,,,,,,,,,,,
Mar-2011,400970,243540,209120,41290,137770,11510,10860,14820,1069880,,,,,,,,,,,,,,,,,,,,,,,,,,,,,,,,,,,,,,,
Apr-2011,444480,281020,228810,49860,160000,10710,11510,18780,1205170,,,,,,,,,,,,,,,,,,,,,,,,,,,,,,,,,,,,,,,
May-2011,385720,250130,219520,44560,142380,13370,12530,16420,1084640,,,,,,,,,,,,,,,,,,,,,,,,,,,,,,,,,,,,,,,
Jun-2011,414420,286620,237490,41970,152600,11940,13200,19300,1177530,,,,,,,,,,,,,,,,,,,,,,,,,,,,,,,,,,,,,,,
Jul-2011,404740,271870,241680,52550,160800,8720,15170,21280,1176810,,,,,,,,,,,,,,,,,,,,,,,,,,,,,,,,,,,,,,,
Aug-2011,397670,265420,270280,47560,148140,12020,15020,17030,1173140,,,,,,,,,,,,,,,,,,,,,,,,,,,,,,,,,,,,,,,
Sep-2011,442560,289910,262550,46980,158320,12260,13680,19170,1245430,,,,,,,,,,,,,,,,,,,,,,,,,,,,,,,,,,,,,,,
Oct-2011,405650,254850,237330,45300,152480,9240,12640,18370,1135860,,,,,,,,,,,,,,,,,,,,,,,,,,,,,,,,,,,,,,,
Nov-2011,421070,269960,249010,44720,146900,11650,11930,17580,1172830,,,,,,,,,,,,,,,,,,,,,,,,,,,,,,,,,,,,,,,
Dec-2011,521870,345460,296940,54440,196750,12160,15160,26260,1469030,,,,,,,,,,,,,,,,,,,,,,,,,,,,,,,,,,,,,,,
Jan-2012,490070,301750,244420,48050,163380,13800,11440,18300,1291220,,,,,,,,,,,,,,,,,,,,,,,,,,,,,,,,,,,,,,,
Feb-2012,395550,232480,206480,37460,132170,10800,9890,13790,1038610,,,,,,,,,,,,,,,,,,,,,,,,,,,,,,,,,,,,,,,
Mar-2012,441580,287600,237440,46460,157230,12090,10840,17010,1210250,,,,,,,,,,,,,,,,,,,,,,,,,,,,,,,,,,,,,,,
Apr-2012,453380,270490,232200,50920,168260,11470,11750,19610,1218060,,,,,,,,,,,,,,,,,,,,,,,,,,,,,,,,,,,,,,,
May-2012,392090,263780,216270,45600,149210,14240,11690,16710,1109580,,,,,,,,,,,,,,,,,,,,,,,,,,,,,,,,,,,,,,,
Jun-2012,445330,314230,255230,49200,161250,11670,14150,21820,1272870,,,,,,,,,,,,,,,,,,,,,,,,,,,,,,,,,,,,,,,
Jul-2012,410660,271430,249070,48200,166560,9450,14530,21870,1191780,,,,,,,,,,,,,,,,,,,,,,,,,,,,,,,,,,,,,,,
Aug-2012,422400,282670,280210,47290,157900,11670,15740,17890,1235770,,,,,,,,,,,,,,,,,,,,,,,,,,,,,,,,,,,,,,,
Sep-2012,458920,303230,273300,52890,167280,13470,13700,21690,1304480,,,,,,,,,,,,,,,,,,,,,,,,,,,,,,,,,,,,,,,
Oct-2012,418250,264900,250160,43220,162210,10260,13900,18310,1181220,,,,,,,,,,,,,,,,,,,,,,,,,,,,,,,,,,,,,,,
Nov-2012,446000,291310,264440,49530,157840,11700,13220,18370,1252420,,,,,,,,,,,,,,,,,,,,,,,,,,,,,,,,,,,,,,,
Dec-2012,541570,360710,308840,58370,217240,12440,16550,27560,1543270,,,,,,,,,,,,,,,,,,,,,,,,,,,,,,,,,,,,,,,
Jan-2013,498700,306570,248210,48810,174340,14240,11190,18770,1320830,,,,,,,,,,,,,,,,,,,,,,,,,,,,,,,,,,,,,,,
Feb-2013,412420,245270,223210,39520,137900,12030,10120,14440,1094910,,,,,,,,,,,,,,,,,,,,,,,,,,,,,,,,,,,,,,,
Mar-2013,458190,314510,256140,47790,167240,12590,12700,18360,1287530,,,,,,,,,,,,,,,,,,,,,,,,,,,,,,,,,,,,,,,
Apr-2013,474850,272910,232410,54240,177720,13950,12610,19340,1258030,,,,,,,,,,,,,,,,,,,,,,,,,,,,,,,,,,,,,,,
May-2013,422670,286910,233380,48770,163480,11890,12140,18150,1197390,,,,,,,,,,,,,,,,,,,,,,,,,,,,,,,,,,,,,,,
Jun-2013,469260,333560,268810,46920,168530,10960,14610,22880,1335540,,,,,,,,,,,,,,,,,,,,,,,,,,,,,,,,,,,,,,,
Jul-2013,449160,302120,253480,58340,184630,13440,15960,22790,1299920,,,,,,,,,,,,,,,,,,,,,,,,,,,,,,,,,,,,,,,
Aug-2013,456480,316590,294350,50920,174670,12410,17890,20020,1343350,,,,,,,,,,,,,,,,,,,,,,,,,,,,,,,,,,,,,,,
Sep-2013,487850,321570,280200,54110,184430,12830,15780,22900,1379670,,,,,,,,,,,,,,,,,,,,,,,,,,,,,,,,,,,,,,,
Oct-2013,432560,277510,263590,47970,166730,11660,15500,18760,1234270,,,,,,,,,,,,,,,,,,,,,,,,,,,,,,,,,,,,,,,
Nov-2013,468480,303250,265730,51750,166350,12650,14750,19930,1302890,,,,,,,,,,,,,,,,,,,,,,,,,,,,,,,,,,,,,,,
Dec-2013,585460,392790,323040,68250,249450,14540,20210,28560,1682310,,,,,,,,,,,,,,,,,,,,,,,,,,,,,,,,,,,,,,,
Jan-2014,548890,340580,264090,57910,204790,14570,13940,20380,1465150,,,,,,,,,,,,,,,,,,,,,,,,,,,,,,,,,,,,,,,
Feb-2014,437400,264520,246570,44260,151400,12930,11660,13700,1182440,,,,,,,,,,,,,,,,,,,,,,,,,,,,,,,,,,,,,,,
Mar-2014,473380,303920,247990,54000,175550,13980,12810,17090,1298710,,,,,,,,,,,,,,,,,,,,,,,,,,,,,,,,,,,,,,,
Apr-2014,512380,328920,262780,60950,200130,14590,13120,21170,1414040,,,,,,,,,,,,,,,,,,,,,,,,,,,,,,,,,,,,,,,
May-2014,444510,308620,240920,56000,171210,12860,13190,18640,1265970,,,,,,,,,,,,,,,,,,,,,,,,,,,,,,,,,,,,,,,
Jun-2014,502140,365200,264150,56760,181420,11530,16650,22420,1420280,,,,,,,,,,,,,,,,,,,,,,,,,,,,,,,,,,,,,,,
Jul-2014,447470,316740,267650,63890,195780,14060,16300,22940,1344800,,,,,,,,,,,,,,,,,,,,,,,,,,,,,,,,,,,,,,,
Aug-2014,481490,336640,311590,59970,184410,12950,19030,19160,1425230,,,,,,,,,,,,,,,,,,,,,,,,,,,,,,,,,,,,,,,
Sep-2014,491020,331120,281770,60020,191390,13250,16770,22490,1407840,,,,,,,,,,,,,,,,,,,,,,,,,,,,,,,,,,,,,,,
Oct-2014,452220,306300,270310,51940,172350,12470,16810,19210,1301610,,,,,,,,,,,,,,,,,,,,,,,,,,,,,,,,,,,,,,,
Nov-2014,483010,331910,276610,52810,167700,13520,14650,20580,1360790,,,,,,,,,,,,,,,,,,,,,,,,,,,,,,,,,,,,,,,
Dec-2014,607980,407410,326150,67010,241280,14820,19180,28630,1712460,,,,,,,,,,,,,,,,,,,,,,,,,,,,,,,,,,,,,,,
Jan-2015,559720,351830,278260,57920,195780,15740,12180,20600,1492040,,,,,,,,,,,,,,,,,,,,,,,,,,,,,,,,,,,,,,,
Feb-2015,461310,299890,242850,46720,153920,14260,10660,14830,1244450,,,,,,,,,,,,,,,,,,,,,,,,,,,,,,,,,,,,,,,
Mar-2015,531320,369540,265130,55300,178800,15690,12700,17830,1446300,,,,,,,,,,,,,,,,,,,,,,,,,,,,,,,,,,,,,,,
Apr-2015,514610,323510,270220,60870,189770,14760,12170,21310,1407210,,,,,,,,,,,,,,,,,,,,,,,,,,,,,,,,,,,,,,,
May-2015,468560,321850,247980,55470,170250,12800,13020,18930,1308870,,,,,,,,,,,,,,,,,,,,,,,,,,,,,,,,,,,,,,,
Jun-2015,514240,388400,273170,54540,179390,11710,15340,23270,1460060,,,,,,,,,,,,,,,,,,,,,,,,,,,,,,,,,,,,,,,
Jul-2015,484110,342350,287220,65310,197690,15060,17040,24100,1432870,,,,,,,,,,,,,,,,,,,,,,,,,,,,,,,,,,,,,,,
Aug-2015,490330,340700,341190,56100,170620,13450,17150,19360,1448890,,,,,,,,,,,,,,,,,,,,,,,,,,,,,,,,,,,,,,,
Sep-2015,519460,354900,304220,58140,188860,13510,14200,23200,1476490,,,,,,,,,,,,,,,,,,,,,,,,,,,,,,,,,,,,,,,
Oct-2015,478750,333970,306440,52950,171890,12820,15540,22890,1395260,,,,,,,,,,,,,,,,,,,,,,,,,,,,,,,,,,,,,,,
Nov-2015,517920,362100,286990,53770,167490,14390,13540,20950,1437150,,,,,,,,,,,,,,,,,,,,,,,,,,,,,,,,,,,,,,,
Dec-2015,664020,453180,356570,69480,244220,16470,19020,30210,1853170,,,,,,,,,,,,,,,,,,,,,,,,,,,,,,,,,,,,,,,
Jan-2016,618080,399350,300640,61970,204020,17340,12470,22030,1635880,,,,,,,,,,,,,,,,,,,,,,,,,,,,,,,,,,,,,,,
Feb-2016,513570,330750,273030,47260,160000,15650,10820,16150,1367240,,,,,,,,,,,,,,,,,,,,,,,,,,,,,,,,,,,,,,,
Mar-2016,559570,391590,304550,53110,184180,15930,12690,19160,1540790,,,,,,,,,,,,,,,,,,,,,,,,,,,,,,,,,,,,,,,
Apr-2016,574940,335810,273040,64000,193600,16450,12690,22710,1493250,,,,,,,,,,,,,,,,,,,,,,,,,,,,,,,,,,,,,,,
May-2016,499230,349590,264340,57570,170870,14070,12830,18910,1387400,,,,,,,,,,,,,,,,,,,,,,,,,,,,,,,,,,,,,,,
Jun-2016,536340,432790,305130,55130,196450,13400,15470,25520,1580220,,,,,,,,,,,,,,,,,,,,,,,,,,,,,,,,,,,,,,,
Jul-2016,560880,376450,299300,73250,206240,16140,17140,24910,1574310,,,,,,,,,,,,,,,,,,,,,,,,,,,,,,,,,,,,,,,
Aug-2016,531940,381840,334130,62170,182430,14650,18460,20570,1546190,,,,,,,,,,,,,,,,,,,,,,,,,,,,,,,,,,,,,,,
Sep-2016,561190,392720,323920,62250,205260,14830,15570,26220,1601950,,,,,,,,,,,,,,,,,,,,,,,,,,,,,,,,,,,,,,,
Oct-2016,532810,366620,310470,60780,179110,14490,16390,21610,1502290,,,,,,,,,,,,,,,,,,,,,,,,,,,,,,,,,,,,,,,
Nov-2016,564500,381240,304910,58330,182810,15290,13580,23990,1544640,,,,,,,,,,,,,,,,,,,,,,,,,,,,,,,,,,,,,,,
Dec-2016,719220,502170,371100,75430,250790,18490,20790,34710,1992710,,,,,,,,,,,,,,,,,,,,,,,,,,,,,,,,,,,,,,,
Jan-2017,687490,443300,314420,67230,210880,18980,14220,24680,1781220,,,,,,,,,,,,,,,,,,,,,,,,,,,,,,,,,,,,,,,
Feb-2017,540240,338200,263840,50150,155370,16140,11580,17680,1393200,,,,,,,,,,,,,,,,,,,,,,,,,,,,,,,,,,,,,,,
Mar-2017,581100,399120,301700,58450,185070,16120,13350,21330,1576240,,,,,,,,,,,,,,,,,,,,,,,,,,,,,,,,,,,,,,,
Apr-2017,645780,409970,312000,69500,207530,17850,15470,26930,1705020,,,,,,,,,,,,,,,,,,,,,,,,,,,,,,,,,,,,,,,
May-2017,537700,373980,290060,62260,178540,15000,13130,21890,1492580,,,,,,,,,,,,,,,,,,,,,,,,,,,,,,,,,,,,,,,
Jun-2017,596490,448440,310000,58870,198210,13750,16170,30260,1672190,,,,,,,,,,,,,,,,,,,,,,,,,,,,,,,,,,,,,,,
Jul-2017,599140,424630,297820,73350,197010,16940,15850,27200,1652280,,,,,,,,,,,,,,,,,,,,,,,,,,,,,,,,,,,,,,,
Aug-2017,588170,427020,340070,63840,184410,14710,16190,23130,1657720,,,,,,,,,,,,,,,,,,,,,,,,,,,,,,,,,,,,,,,
Sep-2017,607930,435480,332060,64060,204090,14800,14480,28450,1701600,,,,,,,,,,,,,,,,,,,,,,,,,,,,,,,,,,,,,,,
Oct-2017,562810,396660,314790,61460,178270,15770,16240,22250,1568390,,,,,,,,,,,,,,,,,,,,,,,,,,,,,,,,,,,,,,,
Nov-2017,605530,430380,311360,58510,177000,14820,13920,26440,1638140,,,,,,,,,,,,,,,,,,,,,,,,,,,,,,,,,,,,,,,
Dec-2017,770680,531430,384810,76440,244290,17590,19880,37320,2082840,,,,,,,,,,,,,,,,,,,,,,,,,,,,,,,,,,,,,,,
Jan-2018,693400,470810,311610,68710,207130,17100,14050,26200,1809210,,,,,,,,,,,,,,,,,,,,,,,,,,,,,,,,,,,,,,,
Feb-2018,582690,393930,279270,50840,161650,15480,11440,19940,1515400,,,,,,,,,,,,,,,,,,,,,,,,,,,,,,,,,,,,,,,
Mar-2018,634180,474710,325010,62230,191110,16860,13200,25640,1743090,,,,,,,,,,,,,,,,,,,,,,,,,,,,,,,,,,,,,,,
Apr-2018,659800,421800,303830,69080,198590,18540,13080,30050,1715000,,,,,,,,,,,,,,,,,,,,,,,,,,,,,,,,,,,,,,,
May-2018,556630,415120,289980,63650,176990,15510,11970,26650,1556600,,,,,,,,,,,,,,,,,,,,,,,,,,,,,,,,,,,,,,,
Jun-2018,614370,516320,322750,63640,205770,15210,14930,32630,1785860,,,,,,,,,,,,,,,,,,,,,,,,,,,,,,,,,,,,,,,
Jul-2018,645680,436900,320140,70780,189320,17160,14800,30760,1725790,,,,,,,,,,,,,,,,,,,,,,,,,,,,,,,,,,,,,,,
Aug-2018,617210,465940,368610,66740,188530,15540,17700,24680,1765100,,,,,,,,,,,,,,,,,,,,,,,,,,,,,,,,,,,,,,,
Sep-2018,614590,469910,346830,66010,199470,15940,14690,27500,1755060,,,,,,,,,,,,,,,,,,,,,,,,,,,,,,,,,,,,,,,
Oct-2018,608240,421480,319240,61740,173920,16020,14760,24360,1639940,,,,,,,,,,,,,,,,,,,,,,,,,,,,,,,,,,,,,,,
Nov-2018,629890,463830,316890,63640,183180,15930,13160,28480,1715150,,,,,,,,,,,,,,,,,,,,,,,,,,,,,,,,,,,,,,,
Dec-2018,806190,574090,397420,79140,250160,18680,19860,38390,2184290,,,,,,,,,,,,,,,,,,,,,,,,,,,,,,,,,,,,,,,
Jan-2019,728740,504860,331130,71090,208250,19210,13530,28360,1905430,,,,,,,,,,,,,,,,,,,,,,,,,,,,,,,,,,,,,,,
Feb-2019,578260,407230,274160,52770,161650,16480,10850,20200,1521730,,,,,,,,,,,,,,,,,,,,,,,,,,,,,,,,,,,,,,,
Mar-2019,620100,453730,309710,62380,185260,17710,12080,23220,1684320,,,,,,,,,,,,,,,,,,,,,,,,,,,,,,,,,,,,,,,
Apr-2019,684210,487600,325040,70240,201120,18920,12870,28420,1828640,,,,,,,,,,,,,,,,,,,,,,,,,,,,,,,,,,,,,,,
May-2019,596950,435130,302060,66870,176380,16630,14300,24280,1632790,,,,,,,,,,,,,,,,,,,,,,,,,,,,,,,,,,,,,,,
Jun-2019,619240,525630,330520,64600,198010,15750,15340,31320,1800580,,,,,,,,,,,,,,,,,,,,,,,,,,,,,,,,,,,,,,,
Jul-2019,640470,454400,318300,75780,203310,18870,15320,30730,1757440,,,,,,,,,,,,,,,,,,,,,,,,,,,,,,,,,,,,,,,
Aug-2019,628350,475720,375240,71140,198290,17560,17760,25490,1809670,,,,,,,,,,,,,,,,,,,,,,,,,,,,,,,,,,,,,,,
Sep-2019,634350,477330,345500,73770,202500,17430,16980,28460,1796540,,,,,,,,,,,,,,,,,,,,,,,,,,,,,,,,,,,,,,,
Oct-2019,614110,429240,322430,65400,190020,16090,15870,25460,1678790,,,,,,,,,,,,,,,,,,,,,,,,,,,,,,,,,,,,,,,
Nov-2019,614100,475370,330560,67630,194130,17660,13700,29980,1743220,,,,,,,,,,,,,,,,,,,,,,,,,,,,,,,,,,,,,,,
Dec-2019,813450,595470,410770,83870,258420,19120,19530,39300,2240340,,,,,,,,,,,,,,,,,,,,,,,,,,,,,,,,,,,,,,,
Jan-2020,737570,523130,344490,74970,230310,20330,13890,29380,1974400,,,,,,,,,,,,,,,,,,,,,,,,,,,,,,,,,,,,,,,
Feb-2020,469300,335880,247210,48290,152010,14850,9180,17480,1294290,,,,,,,,,,,,,,,,,,,,,,,,,,,,,,,,,,,,,,,
Mar-2020,297090,226070,154350,32640,98540,10300,5080,10820,834950,,,,,,,,,,,,,,,,,,,,,,,,,,,,,,,,,,,,,,,
Apr-2020,23720,15710,12470,2100,6880,520,410,650,62460,,,,,,,,,,,,,,,,,,,,,,,,,,,,,,,,,,,,,,,
May-2020,13430,9560,6120,1170,3670,280,170,540,34950,,,,,,,,,,,,,,,,,,,,,,,,,,,,,,,,,,,,,,,
Jun-2020,14470,10550,7650,1340,3880,370,220,780,39260,,,,,,,,,,,,,,,,,,,,,,,,,,,,,,,,,,,,,,,
Jul-2020,18390,18270,9200,2050,5730,470,340,1290,55740,,,,,,,,,,,,,,,,,,,,,,,,,,,,,,,,,,,,,,,
Aug-2020,19600,21140,9480,2140,5040,450,400,1380,59620,,,,,,,,,,,,,,,,,,,,,,,,,,,,,,,,,,,,,,,
Sep-2020,16720,16900,7290,1760,3920,380,460,1060,48490,,,,,,,,,,,,,,,,,,,,,,,,,,,,,,,,,,,,,,,
Oct-2020,15670,15010,7130,1810,4050,400,730,1020,45810,,,,,,,,,,,,,,,,,,,,,,,,,,,,,,,,,,,,,,,
Nov-2020,14830,14480,7380,1850,3720,420,360,1180,44240,,,,,,,,,,,,,,,,,,,,,,,,,,,,,,,,,,,,,,,
Dec-2020,17210,15820,7310,1990,4410,360,470,1510,49100,,,,,,,,,,,,,,,,,,,,,,,,,,,,,,,,,,,,,,,
Jan-2021,15830,12310,6560,1770,3430,350,310,1290,41860,,,,,,,,,,,,,,,,,,,,,,,,,,,,,,,,,,,,,,,
Feb-2021,11680,9560,5330,1330,2710,330,250,780,31970,,,,,,,,,,,,,,,,,,,,,,,,,,,,,,,,,,,,,,,
Mar-2021,11780,9520,4740,1220,2780,280,280,730,31310,,,,,,,,,,,,,,,,,,,,,,,,,,,,,,,,,,,,,,,
Apr-2021,30130,14290,12040,1540,4030,560,390,920,63920,,,,,,,,,,,,,,,,,,,,,,,,,,,,,,,,,,,,,,,
May-2021,53460,20120,22120,2340,6430,960,410,1370,107230,,,,,,,,,,,,,,,,,,,,,,,,,,,,,,,,,,,,,,,
Jun-2021,48090,14310,23960,2420,6420,990,530,1590,98350,,,,,,,,,,,,,,,,,,,,,,,,,,,,,,,,,,,,,,,
Jul-2021,28870,20620,22120,2860,8850,1320,780,1590,87020,,,,,,,,,,,,,,,,,,,,,,,,,,,,,,,,,,,,,,,
Aug-2021,16280,8630,5670,1440,3210,290,700,1030,37240,,,,,,,,,,,,,,,,,,,,,,,,,,,,,,,,,,,,,,,
Sep-2021,12590,8000,4370,1060,2770,240,590,720,30330,,,,,,,,,,,,,,,,,,,,,,,,,,,,,,,,,,,,,,,
Oct-2021,14110,10640,5450,1310,3320,360,770,860,36830,,,,,,,,,,,,,,,,,,,,,,,,,,,,,,,,,,,,,,,
Nov-2021,41770,29510,8550,2570,4600,580,1190,2340,91120,,,,,,,,,,,,,,,,,,,,,,,,,,,,,,,,,,,,,,,
Dec-2021,114140,73450,18710,5430,6980,1170,1330,6020,227240,,,,,,,,,,,,,,,,,,,,,,,,,,,,,,,,,,,,,,,
Jan-2022,89530,63060,15420,5720,7760,1330,1100,4290,188210,,,,,,,,,,,,,,,,,,,,,,,,,,,,,,,,,,,,,,,
Feb-2022,75490,57030,22400,6880,7980,1460,1230,3780,176260,,,,,,,,,,,,,,,,,,,,,,,,,,,,,,,,,,,,,,,
Mar-2022,134910,99850,54270,11840,22300,2910,2270,6850,335240,,,,,,,,,,,,,,,,,,,,,,,,,,,,,,,,,,,,,,,
Apr-2022,241010,174720,94660,20870,54850,5130,3910,11510,606710,,,,,,,,,,,,,,,,,,,,,,,,,,,,,,,,,,,,,,,
May-2022,250770,183700,110190,24100,67760,6380,5370,11530,659860,,,,,,,,,,,,,,,,,,,,,,,,,,,,,,,,,,,,,,,
Jun-2022,321340,262290,147060,28150,92380,6690,6980,15900,880860,,,,,,,,,,,,,,,,,,,,,,,,,,,,,,,,,,,,,,,
Jul-2022,357810,259240,163570,41640,109780,10670,8160,17520,968490,,,,,,,,,,,,,,,,,,,,,,,,,,,,,,,,,,,,,,,
Aug-2022,330890,257870,183030,35130,102570,9040,8680,14940,942210,,,,,,,,,,,,,,,,,,,,,,,,,,,,,,,,,,,,,,,
Sep-2022,376760,280350,192600,38300,115280,8810,10410,17950,1040550,,,,,,,,,,,,,,,,,,,,,,,,,,,,,,,,,,,,,,,
Oct-2022,358910,271890,193080,42530,111030,11330,9000,16940,1014820,,,,,,,,,,,,,,,,,,,,,,,,,,,,,,,,,,,,,,,
Nov-2022,417620,314730,221550,45180,137350,11600,8910,20400,1177430,,,,,,,,,,,,,,,,,,,,,,,,,,,,,,,,,,,,,,,
Dec-2022,558730,400940,266070,57560,177520,13000,11010,30120,1515290,,,,,,,,,,,,,,,,,,,,,,,,,,,,,,,,,,,,,,,
Jan-2023,518670,369650,223190,55930,163200,14840,8610,22550,1376850,,,,,,,,,,,,,,,,,,,,,,,,,,,,,,,,,,,,,,,
Feb-2023,398170,274860,191750,41930,125370,11850,7610,16810,1068410,,,,,,,,,,,,,,,,,,,,,,,,,,,,,,,,,,,,,,,
Mar-2023,483740,345760,236340,52550,160970,15490,7980,21370,1324360,,,,,,,,,,,,,,,,,,,,,,,,,,,,,,,,,,,,,,,
Apr-2023,520360,384750,243000,61370,167210,15300,8450,24520,1425150,,,,,,,,,,,,,,,,,,,,,,,,,,,,,,,,,,,,,,,
May-2023,488500,371710,238640,55950,158930,14600,7970,22880,1359250,,,,,,,,,,,,,,,,,,,,,,,,,,,,,,,,,,,,,,,
Jun-2023,542060,452710,282110,54110,175380,12920,10350,26930,1556710,,,,,,,,,,,,,,,,,,,,,,,,,,,,,,,,,,,,,,,
Jul-2023,538450,390830,265520,73560,171390,17680,10760,26110,1494520,,,,,,,,,,,,,,,,,,,,,,,,,,,,,,,,,,,,,,,
Aug-2023,541830,402680,298800,57500,167750,14380,11480,21970,1516500,,,,,,,,,,,,,,,,,,,,,,,,,,,,,,,,,,,,,,,
Sep-2023,573280,423360,298530,60060,182420,13750,10940,27030,1589500,,,,,,,,,,,,,,,,,,,,,,,,,,,,,,,,,,,,,,,
Oct-2023,536780,387990,279500,61930,163860,16050,9830,23320,1479380,,,,,,,,,,,,,,,,,,,,,,,,,,,,,,,,,,,,,,,
Nov-2023,573330,427270,298570,59770,180650,14640,10280,26970,1591640,,,,,,,,,,,,,,,,,,,,,,,,,,,,,,,,,,,,,,,
Dec-2023,767420,537310,352800,76420,228020,14910,12670,37770,2027740,,,,,,,,,,,,,,,,,,,,,,,,,,,,,,,,,,,,,,,
Jan-2024,676300,472810,282030,66030,196370,16430,9530,26150,1745840,,,,,,,,,,,,,,,,,,,,,,,,,,,,,,,,,,,,,,,
Feb-2024,561600,394820,269090,52360,170690,14790,8340,19880,1491730,,,,,,,,,,,,,,,,,,,,,,,,,,,,,,,,,,,,,,,
Mar-2024,593530,470870,329370,58910,205400,16960,10200,24480,1709930,,,,,,,,,,,,,,,,,,,,,,,,,,,,,,,,,,,,,,,
Apr-2024,627230,406120,298780,70490,194180,17070,9820,26410,1650280,,,,,,,,,,,,,,,,,,,,,,,,,,,,,,,,,,,,,,,
May-2024,555290,416240,283020,62150,192900,15580,10060,23980,1559320,,,,,,,,,,,,,,,,,,,,,,,,,,,,,,,,,,,,,,,
Jun-2024,587270,500570,331570,64630,224600,13610,11780,28180,1762410,,,,,,,,,,,,,,,,,,,,,,,,,,,,,,,,,,,,,,,
Jul-2024,602310,425250,307330,71900,188080,17230,10980,27330,1650530,,,,,,,,,,,,,,,,,,,,,,,,,,,,,,,,,,,,,,,
Aug-2024,586230,436900,348510,66090,198160,15370,13140,29870,1694440,,,,,,,,,,,,,,,,,,,,,,,,,,,,,,,,,,,,,,,
Sep-2024,611820,482180,344460,70580,226590,16140,12880,31720,1796550,,,,,,,,,,,,,,,,,,,,,,,,,,,,,,,,,,,,,,,
Oct-2024,599110,424810,316410,63530,199150,16340,12090,26600,1658170,,,,,,,,,,,,,,,,,,,,,,,,,,,,,,,,,,,,,,,
Nov-2024,623750,472310,340770,68160,214190,15390,11800,29860,1776340,,,,,,,,,,,,,,,,,,,,,,,,,,,,,,,,,,,,,,,
Dec-2024,822340,595170,407490,83680,279750,18080,14740,40390,2262020,,,,,,,,,,,,,,,,,,,,,,,,,,,,,,,,,,,,,,,
Jan-2025,752550,547600,346960,75860,246250,20430,11360,29830,2031060,,,,,,,,,,,,,,,,,,,,,,,,,,,,,,,,,,,,,,,
Feb-2025,569160,391420,271010,55080,183060,16290,9840,21900,1517920,,,,,,,,,,,,,,,,,,,,,,,,,,,,,,,,,,,,,,,
Mar-2025,597470,453670,294850,63970,204980,19010,10680,24600,1669390,,,,,,,,,,,,,,,,,,,,,,,,,,,,,,,,,,,,,,,
Apr-2025,683270,516260,344260,76520,243640,18980,13050,29550,1925790,,,,,,,,,,,,,,,,,,,,,,,,,,,,,,,,,,,,,,,
May-2025,592020,439400,309110,69920,213180,17790,11950,26260,1679750,,,,,,,,,,,,,,,,,,,,,,,,,,,,,,,,,,,,,,,
Jun-2025,614190,486060,348500,71070,232860,16530,14160,29910,1813440,,,,,,,,,,,,,,,,,,,,,,,,,,,,,,,,,,,,,,,
Jul-2025,635040,475860,339860,76590,230300,19090,14500,28360,1819770,,,,,,,,,,,,,,,,,,,,,,,,,,,,,,,,,,,,,,,
Aug-2025,637970,467880,379960,71950,219440,17250,15050,24960,1834620,,,,,,,,,,,,,,,,,,,,,,,,,,,,,,,,,,,,,,,
,,,,,,,,,,,,,,,,,,,,,,,,,,,,,,,,,,,,,,,,,,,,,,,,
© Commonwealth of Australia 2025,,,,,,,,,,,,,,,,,,,,,,,,,,,,,,,,,,,,,,,,,,,,,,,,
